,Condominium Name,Location,Facilities,Financial Value,Service and Management,Environment
0,JadeScape,0.622822525,0.583847388,0.479571445,0.36091823,0.398122701
3,The Blossomvale,0.791578581,0.672134846,0.542611654,0.610951424,0.799755955
5,Kingsford . Hillview Peak,0.615585368,0.999598354,0.317091971,0.671122412,0.999642511
11,Esparina Residences,0.518022286,0.577771807,0.437999261,0.64249891,0.999651909
14,The Parc Condominium,0.633959752,0.395109185,0.468475358,0.378121812,0.523784326
16,Spring Grove,0.835461228,-0.052512381,0.556847058,-0.314107041,-0.986075938
20,Valley Park,0.668867732,0.47386492,0.528818295,0.414350839,0.964348104
23,Waterbay,0.623472413,0.314626177,0.418994356,0.508743115,4.53E-05
27,The Gazania,0.920016532,0.99915645,0.578878623,0.407457417,0.97157301
28,Costa Rhu,0.707324624,-0.139151812,0.361625942,0.153174239,0.855083853
30,D'Leedon,0.699145547,0.61989962,0.484246292,0.309761726,0.455708786
31,Citylights,0.61940651,0.428755334,0.47151188,0.505188979,0.739027463
32,Highline Residences,0.856007745,-0.076682256,0.442011754,-0.097527623,0.92603381
37,Maplewoods,0.419285152,0.567418621,0.268696252,0.225071275,0.684411245
39,Aspen Heights,0.636782446,0.04912656,0.512837455,0.528368638,0.502026655
40,Sanctuary Green,0.64719938,0.161834968,0.338964854,0.406944726,0.191241458
41,Signature Park,0.561638647,0.470179279,0.307889288,0.303280946,-0.03398174
43,Westcove Condominium,0.996068497,0.001219243,0.29260436,0.214471352,-0.99775064
44,Forest Woods,0.642713773,0.001693904,0.635907558,0.348998658,0.994994652
50,Hedges Park Condominium,0.66622135,0.720481217,0.367958674,0.009239097,0.71048075
52,Parc Life,0.918949464,0.987569639,0.633308801,0.015307367,0.998353243
54,The Crest,0.688441801,0.727999751,0.361137078,0.745265764,0.899479064
56,The Metz,0.311360355,-0.998715848,0.591489442,0.405403644,0.999683475
57,The Tapestry,0.661939388,0.769322848,0.481564301,0.415208413,0.667131526
58,Waterwoods,0.514975123,0.947836101,0.499041446,-0.963344425,0.977577657
60,Mayfair Modern,0.718294494,0.405656902,0.584805502,0.382402223,0.433446663
62,Sturdee Residences,0.683470947,0.433134161,0.41406681,0.412400242,-0.046591699
64,Sky Vue,0.487130418,0.399555522,0.465066196,0.335488304,0.767172893
65,CityLife @ Tampines,0.882440135,0.238088608,0.177058407,0.508919813,0.125046879
67,Sea Esta,0.872921849,0.332831522,0.528300297,0.331539379,0.333594143
68,The Esta,0.762715927,0.995084792,0.636345545,0.06033381,0.999602775
76,Royalgreen,0.669782407,0.342646432,0.405950154,0.492668825,0.295331271
81,Boathouse Residences,0.501046654,0.395295164,0.378424592,0.508766316,0.236857116
83,Kandis Residence,0.815837216,0.770870573,0.677197298,0.298639287,0.999674082
85,Parc Botannia,0.78529467,0.024674545,0.495614818,0.246285804,0.999686678
87,[email protected],0.673908785,0.142592524,0.54703613,0.507298832,-0.158202405
88,The Line @ Tanjong Rhu,0.73705779,0.998056501,0.470941456,0.012089163,0.961001635
89,Parc Riviera,0.675697927,0.873808429,0.467011193,0.549339875,-0.189420557
90,The Waterline,0.839039537,0.320084383,0.433236628,0.506731517,0.498190771
91,Woodsvale,0.635653742,0.995733082,0.551196538,0.197836883,-0.996806562
94,The Colonnade,0.552986497,0.03751317,0.364479244,0.403856765,0.573947109
96,Cyan,0.623895426,0.388912011,0.487519693,0.53270449,0.347874187
98,Lake Grande,0.809929914,0.816484053,0.679157527,0.306331228,0.600184643
99,Euphony Gardens,0.865794865,0.193854856,0.584386645,0.460824316,0.999685884
101,Dakota Residences,0.835281397,0.997601449,0.468775372,0.563353969,0.999106944
103,J Gateway,0.71258874,0.28542468,0.214357052,0.048626188,0.153855375
105,The Sterling,0.628072981,0.99967587,0.550511236,0.116014247,0.999670029
111,The Vales,0.843828426,0.69130368,0.40310527,0.668787136,0.550672074
121,The Paterson,0.61896252,0.66165296,0.351765384,0.237726176,0.777222057
123,The Skywoods,0.653540836,0.308275044,0.616798327,0.34136047,0.093029127
125,Villa Delle Rose,0.902772773,0.000482589,0.50709788,0.143646802,0.599509394
126,euHabitat,0.640391724,0.544185114,0.523774901,0.385795915,0.391182261
127,Mont Botanik Residence,0.821419919,-0.002587438,0.585174503,0.697051351,0.999684632
130,The Alps Residences,0.588661385,0.920608257,0.522504193,0.214343178,0.768283844
131,Bellewaters,0.670873826,0.213357264,0.381671204,0.163732716,0.99968636
132,River Place,0.788654362,0.623970587,0.491765693,0.311411843,0.430943835
134,Clementi Park,0.592859808,0.240691562,0.421317781,0.249925509,-0.072659522
135,Coco Palms,0.672672542,0.505942803,0.451205684,0.12567329,0.519077782
138,The Trillium,0.642921536,0.789618953,0.382920741,0.456100415,0.447771779
139,Commonwealth Towers,0.754558207,0.444201879,0.474270841,0.331324826,0.926979005
143,Pandan Valley,0.610946403,0.323002719,0.262421622,0.25917758,0.999471307
145,Woodhaven,0.823877584,0.190581466,0.392612402,0.603360546,-0.331466337
146,Thomson Grand,0.78177263,0.950135946,0.472375067,0.25425989,0.200991642
150,Trilight,0.636519899,0.482092622,0.477844557,0.390864652,-0.332138906
156,Costa Del Sol,0.730983787,0.410361558,0.473456596,0.410587204,0.638315092
160,The Hillside,0.578984643,0.776584228,0.578639963,0.360829806,0.654697871
161,Sims Avenue,0.522712147,0.542332179,0.45859934,0.283371849,0.402138344
162,Cube 8,0.581189394,0.000388771,0.334085664,0.606809777,0.666608363
163,Urban Suites,0.844312258,0.657971147,0.555544436,0.771184065,0.806849827
165,Tembusu Grand,0.957526741,0.845523758,0.811980028,0.998076379,0.71048075
166,The Floravale,0.997870761,-0.031829298,0.533959326,-0.963344425,0.999686003
168,Ripple Bay,0.519406286,0.932946076,0.480369249,0.018124864,0.71048075
169,Kovan Residences,0.795258399,-0.135328078,0.532302872,-0.233461348,0.111754179
170,The Bayshore,0.735894981,0.544185114,0.588779196,0.283367753,0.622990658
171,Lakeville,0.686705682,0.312094132,0.583432869,-0.121230106,0.001316443
172,Signature At Yishun,0.818203659,0.496607323,0.703883468,0.704869533,0.671579619
175,Modena,0.435504679,0.643969893,0.263497687,0.418932423,0.356921222
177,The Foresta @ Mount Faber,0.608293248,0.99968032,0.452400232,0.009091265,0.555700514
179,City Square Residences,0.45437201,0.929547414,0.218827446,0.258449063,0.902977069
180,Botannia,0.766702589,0.998198271,0.536849716,0.012107521,0.999684155
181,Eco Sanctuary,0.467450557,0.603455842,0.541308975,0.08995115,0.506906426
182,The Ladyhill,0.607158107,0.499174088,0.514976532,0.343655725,0.429414392
183,Ridgewood,0.67589244,0.999682665,0.482216795,0.17189778,0.99967885
187,OUE Twin Peaks,0.755397841,0.527520109,0.645312752,0.635064431,0.845595313
188,Eight Courtyards,0.750645762,0.860084265,0.139771731,0.590490824,0.71048075
190,Far Horizon Garden,0.997535566,0.997532487,0.32641361,-0.485520974,0.999680758
192,Westwood Residences,0.789989981,0.495824615,0.687707626,0.424285991,0.964509904
200,Haig Court,0.868421708,-0.225361049,0.37336072,0.337844094,0.333240191
201,Southaven I,0.816160358,0.996781975,0.697409749,-0.308999836,0.985286315
203,Nouvel 18,0.78200178,0.899298509,0.601896545,0.471619835,0.663225591
204,One Devonshire,0.742898378,0.200367594,0.385937019,-0.393125629,-0.548800521
206,The Nautical,0.35496752,0.384324188,0.248851442,0.15266854,0.334164075
207,The Seawind,0.805223921,0.799297416,0.738818031,0.187849542,0.750121795
208,Gardenville,0.795203623,0.332793236,0.506365048,-0.242262155,0.333591004
209,Leedon Residence,0.583708518,0.499664523,0.41573917,0.286004356,0.417549046
215,iNZ Residence,0.79480474,0.34486949,0.539540149,0.747921798,0.999687076
218,The Beaumont,0.749263827,0.499703959,0.457366885,0.499051943,0.55535382
219,The Minton,0.485490718,0.263772296,0.380630229,0.050971371,-0.379934669
222,Cashew Heights Condominium,0.859712803,0.999268115,0.379937174,-0.187434208,-0.997041434
223,Lorong 5 Toa Payoh,0.750138305,0.999124587,0.596728321,-0.963344425,0.999678771
230,Grandeur Park Residences,0.754062713,0.620954251,0.660507459,0.011126667,0.998645425
233,Watercrest,0.397316756,0.000658883,0.653164188,0.248274995,0.504340746
240,Park Infinia At Wee Nam,0.542846075,0.490672531,0.500066057,-0.185404432,0.012170956
247,Tiara,0.643401396,0.498897001,0.528011103,0.270243329,-0.418919333
248,The Estuary,0.650472288,0.429735452,0.308610386,0.046439787,0.143151712
251,Principal Garden,0.866190393,0.369407538,0.678062871,0.696254762,0.542975044
252,Park Colonial,0.725524118,0.660488114,0.670861248,0.496616045,0.991946578
263,Melville Park,0.747582242,0.720481217,0.247729526,-0.309000631,0.71048075
266,The Rise @ Oxley,0.866939172,0.332416455,0.725935446,0.214405596,0.999687314
270,Bishan 8,0.889591014,-0.570424497,0.423875122,-0.309405645,-0.010632306
275,La Casa,0.358092453,0.599546182,0.614103664,0.452887923,0.692111657
277,The Warren,0.802990727,-0.497997358,0.534450211,0.505173142,0.500340134
290,The Metropolitan Condominium,0.81856144,0.999658942,0.602969825,0.200779629,0.999662817
292,Floridian,0.575962856,0.513319541,0.566590981,0.463843495,0.000625807
294,The Claymore,0.680773148,0.438657717,0.572713698,0.561247327,0.713922569
296,Summerhill,0.866149139,-0.332314968,0.577566011,0.26865103,0.250069633
298,Ecopolitan,0.727219486,0.99968338,0.787916432,-0.186033332,0.999685943
299,Vista Residences,0.712832943,0.999679446,0.647436059,0.210379696,0.99968036
302,The Petals,0.999075189,0.000889629,0.416774371,-0.321428925,0.999684691
304,Holland Residences,0.590176334,0.647837206,0.346932827,0.388948812,0.145485759
306,Martin Modern,0.735763099,0.405273759,0.655185518,0.262988368,0.842643499
307,Windermere,0.691417707,0.186543608,0.046961874,0.018156573,0.647781372
309,Village @ Pasir Panjang,0.681679125,0.428556928,0.540235701,0.094820456,0.334312717
314,Terrasse,0.832813422,0.999670923,0.415935864,0.384414577,-0.331466059
318,The Panorama,0.715853004,0.253214657,0.518430629,0.497125586,-0.247090645
320,Savannah Condopark,0.786355419,0.515805393,0.368448586,0.257495992,0.238929768
321,Skypark Residences,0.868790062,0.781992385,0.452022646,0.255809352,-0.496540561
322,Gem Residences,0.530547383,0.43981965,0.640607876,0.162932831,0.124309395
326,1 Canberra,0.624087905,-0.819374025,0.22121112,0.214128232,0.199946809
334,Caspian,0.999429551,0.62020424,0.453921285,0.214473355,0.617209127
337,The Cairnhill,0.743438874,0.700096295,0.680558733,0.504692212,0.713684142
343,The Interlace,0.800323599,0.670073926,0.349018995,0.461429501,0.975202903
355,The Visionaire,0.875517448,0.276619711,0.755002065,0.66420615,0.999624833
356,Horizon Residences,0.789708402,0.330250661,0.484483143,0.152850815,0.250719488
357,H2O Residences,0.600826883,0.99967587,0.643586312,0.238385973,0.999677896
358,Flo Residence,0.709899482,0.714698389,0.344111887,0.258823752,0.710481107
359,Trevista,0.602883216,0.61066375,0.448106357,0.749810137,0.615836928
360,Twin Fountains,0.852340198,0.999661565,0.58108441,0.018162772,0.999676466
362,The Trizon,0.724773142,0.168788946,0.495612413,0.222415053,0.200996912
363,Regent Park,0.731088022,-0.997442442,0.48587855,0.41340004,0.497546308
364,Nicon Gardens,0.69373361,0.2312105,0.466092279,0.064681202,-0.719480097
365,Turquoise,0.630650242,0.645357951,0.639454156,0.730579921,0.619777286
366,Bayshore Park,0.672254801,0.859575748,0.639541572,0.354079973,0.883916393
367,Parc Rosewood,0.615570129,0.485505524,0.460194517,0.035149778,0.227363095
370,Hillsta,0.882173793,0.409483884,0.646782831,0.539332046,0.999683082
371,Cape Royale,0.60226711,0.329915742,0.565226242,0.505312949,0.997989297
376,The Spectrum,0.532896005,0.50759244,0.36282389,0.393490688,0.647507222
377,One Jervois,0.709007865,0.556550289,0.624400303,0.791742008,0.666452686
379,The Cosmopolitan,0.530833841,0.841639404,0.602781808,0.500340787,0.428743388
381,Lake Life,0.976875463,0.599490178,0.442165048,0.497213185,0.499465212
382,Waterbank at Dakota,0.513294369,0.145013128,0.332801554,0.36236257,-0.047469328
386,Centro Residences,0.789708402,0.330250661,0.484483143,0.152850815,0.250719488
387,Holland Grove Road,0.600826883,0.99967587,0.643586312,0.238385973,0.999677896
388,Leonie Condotel,0.709899482,0.714698389,0.344111887,0.258823752,0.710481107
389,Spanish Village,0.602883216,0.61066375,0.448106357,0.749810137,0.615836928
392,The Serenade @ Holland,0.724773142,0.168788946,0.495612413,0.222415053,0.200996912
393,Avon Park,0.731088022,-0.997442442,0.48587855,0.41340004,0.497546308
394,Paterson Collection,0.69373361,0.2312105,0.466092279,0.064681202,-0.719480097
395,The Mayfair,0.630650242,0.645357951,0.639454156,0.730579921,0.619777286
396,Palm Gardens,0.672254801,0.859575748,0.639541572,0.354079973,0.883916393
397,Malvern Springs,0.615570129,0.485505524,0.460194517,0.035149778,0.227363095
400,Astrid Meadows,0.882173793,0.409483884,0.646782831,0.539332046,0.999683082
401,Moulmein Rise,0.60226711,0.329915742,0.565226242,0.505312949,0.997989297
406,Serenity Park,0.532896005,0.50759244,0.36282389,0.393490688,0.647507222
407,Grange Infinite,0.709007865,0.556550289,0.624400303,0.791742008,0.666452686
409,Varsity Park Condominium,0.530833841,0.841639404,0.602781808,0.500340787,0.428743388
411,Gallop Gables,0.976875463,0.599490178,0.442165048,0.497213185,0.499465212
412,Foresque Residences,0.513294369,0.145013128,0.332801554,0.36236257,-0.047469328
418,Corona Ville,0.663170626,0.479953148,0.403095753,0.29699908,0.642555186
422,Merawoods,0.797617845,0.591009518,0.510668391,0.328274838,0.398330873
425,Jalan Lapang,0.574638695,0.604271759,0.370466576,0.247280121,0.713660845
426,Pinevale,0.751234967,0.252308071,0.559575228,0.518591595,0.799548435
427,Paterson Suites,0.558875865,0.349479119,0.706298253,0.469880903,0.333831151
429,Regent Grove,0.510475012,0.998991817,0.273014896,0.017909572,-0.999676108
430,Shenton Way,0.63979555,0.810535631,0.654506052,0.374483425,0.400253046
435,Mandarin Gardens,0.730673482,0.2617354,0.380389354,0.333720578,0.250602942
438,Optima @ Tanah Merah,0.838286187,-0.33255742,0.362900696,0.012122413,0.999068126
442,The Sovereign,0.572398729,0.002007084,0.636641505,0.476677306,0.708593948
443,RV Residences,0.638457738,0.594231677,0.353301233,0.019042909,0.003369898
455,Jewel @ Buangkok,0.88097898,0.632704616,0.373047198,0.573516565,-0.518964303
461,Parvis,0.765496377,0.841593699,0.495585111,0.545522614,-0.230078529
462,River Isles,0.568094297,0.36483838,0.56209964,0.575629383,0.516186691
463,Ferraria Park Condominium,0.499311134,0.236105335,0.298104078,0.406934828,0.333350062
471,Sea Horizon,0.304079115,0.990650743,0.496113727,0.252740741,0.333440801
475,Goodwood Residence,0.723117001,0.748247775,0.610576149,0.576079692,0.999686837
481,The [email protected],0.738692578,0.609094564,0.440565547,-0.194606087,0.386599032
495,The Santorini,0.774935403,0.55156778,0.669480487,0.508720182,0.853149861
510,Clemenceau Avenue,0.563594049,0.666296512,0.69957563,0.570386193,0.428979831
512,Nouvelle Park,0.70420397,0.528038323,0.671026648,0.405742472,0.000480503
514,Meyerhouse,0.690079154,0.518288574,0.63113223,0.424088399,0.445981635
525,The Reef At King’s Dock,0.65575139,0.473472693,0.608009676,0.752468012,0.406894078
530,6 Derbyshire,0.775839575,0.928073585,0.547111349,0.508341923,0.880042831
535,Northwave,0.995889512,0.970348656,0.822402721,0.344911913,0.999681175
536,New Futura,0.850810948,0.809771844,0.682664652,0.601969866,0.902667006
541,Pasir Ris Link,0.613628006,-0.022243403,0.415591562,0.440527565,-0.109568543
542,Riversails,0.609464429,0.233991776,0.487557138,0.504271302,0.33325843
548,Sky Green,0.776066045,-0.809739769,0.495180657,0.214436781,0.998866995
551,Balmoral Luck,0.740395208,0.275637325,0.576059823,0.259482652,0.997358342
559,Stratum,0.851707156,0.985430598,0.483320975,0.214140594,-0.003354043
568,Gardenvista,0.499218845,0.587351173,0.330320033,0.012556659,0.556607472
569,Lush Acres,0.798120257,0.595986734,0.705214896,-0.179943323,0.092212021
584,The Dairy Farm,0.589432717,0.422447024,0.56730692,0.460166986,0.202944666
590,West Coast Road,0.709302261,0.640888443,0.685001232,0.579062771,0.526977371
598,The Amore,0.769263026,-0.078997827,0.439553731,0.204601687,0.995351493
601,Bayville Condo,0.749655057,0.00046277,0.326634671,0.018154129,0.333059231
603,Thomson Grove,0.742861744,0.231212199,0.185784887,0.345259945,0.140103459
607,Parkshore,0.63479807,-0.333221555,0.480110531,0.011571745,0.999684691
608,Belle Vue Residences,0.861176483,0.273187892,0.630590891,0.095414037,0.999449392
610,Bullion Park,0.647771378,0.434843315,0.291818376,0.102719151,0.421004762
614,The Tembusu,0.768287544,0.638437376,0.766037358,0.736725032,0.927384034
616,The Hyde,0.678178348,0.477315967,0.492606052,0.651118375,0.773666547
618,Livia,0.234506324,0.859989256,0.235405447,0.257269919,0.855082661
624,Piermont Grand,0.695551442,0.713376467,0.603825545,0.00990204,0.520703554
628,The Creek @ Bukit,0.618558588,-0.101993852,0.28255822,0.174901818,0.377269294
631,Lakepoint Condominium,0.987311327,0.999685764,0.408656391,-0.188033652,0.999684691
643,The Botanic on Lloyd,0.734458791,-0.86122489,0.307296027,0.214135468,0.999684691
644,The Stellar,0.800480919,0.00046277,0.313594704,0.2141886,-0.000235558
653,Ola Residences,0.65750366,0.299075793,0.449103564,0.70020304,0.728924033
654,Whitewater,0.618794134,0.355442359,0.493849605,0.234456839,0.651600726
,Hana,0.880943085,-0.224821615,0.620122008,0.303471845,0.460081796
,Central Green Condominium,0.998017043,0,0.250588968,-0.963344425,0
,The Tre Ver,0.678830955,0.999678373,0.546451102,0.655778102,0.055415183
,The Scotts Tower,0.793682808,0.375491483,0.531570685,0.55724965,0.996514589
,Aquarius By The Park,0.999383911,0.992669702,0.49903708,0.508806281,0
,Hillview Green,0.42918006,0,0.332521465,-0.963344425,0
,Mayfair Gardens,0.566272556,0.521000083,0.454768463,0.394301824,0.6346501
,Vacanza @ East,0.719486035,0,0.526735691,0.115741962,0.992485881
,Botanique At Bartley,0.598792501,0.48563356,0.672278602,0.405168098,0.997897595
,The Lakeshore,0.330697673,0.423307484,0.265893362,0.472410134,0.510875257
,Mirage Tower,0.626086265,0,0.270205942,-0.308999836,0
,The Tate Residences,0.591423631,0.897777498,0.541615566,0.146865878,6.68E-06
,The Calrose,0.999015361,0,0.221458972,-0.963344425,0
,Double Bay Residences,0.742778298,0.617730031,0.083543711,0.026770282,0.902831872
,Edelweiss Park Condominium,0.218914306,0,0.228255409,-0.982108045,-0.99966836
,Sims Urban Oasis,0.551098719,0.438444506,0.564588688,0.337202302,0.352625394
,Sophia Residence,0.896246236,0.999678016,0.453172899,-0.185427988,0.999687076
,Orchid Park Condominium,-0.177560973,0,0.427427735,-0.963344425,0
,Bartley Ridge,0.764799798,0.906614482,0.390113916,0.212219262,0.71048075
,Eastvale,0.459008081,0.999284446,0.502430908,0.341424002,0
,Daintree Residence,0.671556846,0.457910857,0.416070738,0.507666758,0.635302179
,The Cascadia,0.759897634,0.452845546,0.244909322,-0.119439691,0.455338386
,Pebble Bay,0.994492483,0,0.578482905,-0.482146338,0.999684691
,The Oceanfront @ Sentosa Cove,0.522041884,0.658449113,0.34308324,0.606928521,0.998761058
,The Lakefront Residences,0.820212418,0.763137242,0.631769189,0.575961185,0.337219357
,Northoaks,0.998776484,0,0.333814369,-0.963344425,0
,Regency Park,0.998958802,0,0.35583204,-0.963344425,0
,Dahlia Park Condominium,0.999414257,0,0.508526996,-0.186523855,0.999684691
,Nassim Regency,0.999280859,0,0.716287464,0.34451591,0.997634053
,Symphony Suites,0.680018436,0.592354867,0.405190408,0.479413688,0.435408577
,The Vision,0.661067137,0.962491314,0.320357387,0.36206593,0.499797657
,Robin Residences,0.62606312,0.472810272,0.762560537,0.012193094,0.999423102
,Emerald Garden,0.798026461,-0.553818178,0.47414791,0.073455662,0.999669552
,Simei Green Condominium,0.999282777,0,0.427515754,-0.963344425,0
,Hilltops,0.816825718,0.499578476,0.369742201,0.214434302,0.999547601
,eCO,0.495259036,0.373886752,0.543184923,-0.104703102,0.998952538
,Paterson Residence,0.640420535,0.65925828,0.415899025,0.364533896,0.777222057
,Caribbean At Keppel Bay,0.565879917,0.599247257,0.490277705,0.566272212,0.738641014
,The Terrace,0.748876628,0.386606187,0.722115024,0.625263107,0.999322951
,Queens Peak,0.687243162,0.585846191,0.545105532,0.247047981,0.713573558
,Casafina,0.795793067,0.999688387,0.248834298,0.508929096,0.999685645
,The Seafront On Meyer,0.965498298,0.999687016,0.333814383,-0.309000989,0.999685287
,Kovan Melody,0.671307201,0.942558122,0.209427197,0.01817058,0.23683538
,Dover Parkview,0.694468859,0.425212187,0.51133141,0.460565305,0.989330888
,Richmond Park,0.888091721,-0.05411303,0.393028967,0.554621392,0.749733165
,Pine Grove,0.712937987,0.701140355,0.540078905,0.316409897,0.999144959
,Kovan Regency,0.502854658,-0.00076586,0.315136123,-0.187808526,0.995907992
,The Tessarina,0.796717279,0.564476859,0.237189974,-0.119712379,0.750392854
,Orchard Scotts,0.826324691,0.12013156,0.303363664,0.309966902,-0.893955827
,Marina Bay Suites,0.795955954,0.980382371,0.400232553,0.34530895,0.999685287
,Thomson View Condominium,0.732642223,0.968353033,0.537995569,-0.133030551,0
,Fifteen Robin,0.66002288,0.658258644,0.529684512,-0.18500942,0.999685287
,TRE Residences,0.696471742,-0.187422727,0.523447618,0.238076589,-0.03878428
,CityVista Residences,0.711145401,-0.999670565,0.114956943,-0.106234339,0
,Tanjong Ria Condominium,0.998921514,0,0.221458972,-0.963344425,0
,The Meyerise,0.814811859,0.813538892,0.619167543,0.267444313,0.974672616
,Thomson Euro-asia,0.7804092,0,0.111332736,-0.963344425,0
,The Quartz,0.270628698,0.928676054,0.304478775,-0.309000631,0.85507533
,Yong An Park,0.998542024,0.997601449,0.610407341,0.459439776,0.999687076
,Nathan Suites,0.99917225,0,0.597299939,-0.138201773,-0.997041434
,The Suites At Central,0.999373749,0,0.35583204,-0.963344425,0
,Cityscape @ Farrer Park,0.536261163,0.972074568,0.418994822,0.340990888,0.999684989
,A Treasure Trove,0.703074385,0.720481217,0.408818905,0.345146467,0.855082482
,Ballota Park Condominium,0.978242099,0,0.241868349,-0.963344425,0
,Marina Bay Residences,0.847987653,0.929377337,0.834144377,0.508375682,0.166799247
,Hillview Regency,0.797667807,0.929405987,0.568975929,0.506110266,0.71048063
,Queens,0.771367728,0.94383086,0.465174675,0.642377312,0.237634559
,Laguna 88,0.880077858,0.995516467,0.669235209,0.718659954,0.485150536
,The Marq On Paterson Hill,0.687455913,-0.767277241,0.499871129,0.438792288,0.999672532
,Riversound Residence,0.760377138,0.732261579,0.472838044,0.504239626,0.542444563
,Dunearn Road,0.796175925,0.599296129,0.459165327,0.326681753,0.961001635
,Parc Centros,0.665983352,0.860084385,0.398114079,0.437042253,0.71048075
,Ardmore Residence,0.68756479,0.999686003,0.591629076,0.24890492,0
,Cote D'Azur,0.657277831,0.998852909,0.602180779,0.242498723,0.014313519
,Parc Oasis,0.538851263,0.475018338,0.60937754,0.372707511,0.616972456
,Amber Gardens,0.696003465,0.497835741,0.428917331,0.265966102,0.402377787
,The Inflora,0.892181731,0.887167305,0.498628517,-0.312757293,0.999687433
,Faber Crest,0.64750627,0.699959541,0.267906398,0.427813402,0.99884095
,Hume Park I,0.79660942,0,0.276870571,-0.309601625,0
,Castle Green,0.576733398,0.620079239,0.364364243,0.420763527,0.662835027
,Sol Acres,0.845628731,0.131217497,0.610314392,0.21390903,0
,Tanglin Hill Condominium,0.626086265,0,0.197258151,0.018016487,0
,Clydesview,0.849928576,0.998270869,0.617004457,0.345084051,0.992485881
,Martin Place Residences,0.842178255,0.666490108,0.644103473,0.436493031,0.99968636
,8 @ Mount Sophia,0.998960265,0,0.347396624,-0.963344425,0
,Grange Residences,0.869567044,0.999678016,0.529227695,-0.481660321,0.999687076
,Residences @ Evelyn,0.998921514,0,0.290545951,-0.312757254,0
,The Gardens At Bishan,0.667627489,0.541221631,0.400707768,0.199428272,0.71048063
,Cliveden At Grange,0.993134026,0.998596609,0.676857809,0.211481011,0.99968636
,Reflections At Keppel Bay,0.785576282,0.739218137,0.583599404,0.651455904,0.996089121
,Southaven II,0.999060124,-0.998303056,0.480867616,0.017928869,0
,Waterfront Key,0.842725161,0.635967775,0.269086498,-0.193532869,0.399135339
,Springdale Condominium,0.970332122,0,0.335805527,-0.482146338,0.999684691
,The Gale,0.981245565,0,0.499037065,-0.963344425,0
,Waterview,0.65133444,0.388761648,0.350980136,0.119986236,0.92738159
,Palm Isles,0.536202862,0.002899408,0.576969078,0.01143689,0.999686599
,Woodgrove Condominium,0.750485102,0,0.330990454,0.007036537,0
,Corals At Keppel Bay,0.702166671,0.60016679,0.512305978,0.431872949,0.62618883
,The Wharf Residence,0.993468629,0,0.203136851,-0.963344425,0
,Hillcrest Arcadia,0.81096902,0,0.494485438,0.158463664,-0.07192418
,Eastpoint Green,0.713489635,0,0.310202662,-0.482146338,0.999684691
,Avila Gardens,0.999000154,0.000186175,0.54190135,0.359571901,0
,Goldenhill Park Condominium,0.602536842,0.99967885,0.417032048,-0.132765463,0.867604017
,The Sound,0.172529095,-0.621052482,0.202720497,0.255273757,-0.350859811
,Versilia On Haig,0.989635592,0,0.571539321,0.018124595,0.999586403
,Echelon,0.98272104,-0.003306627,0.563644775,0.495402927,0
,Waterfall Gardens,0.998776484,0.937457025,0.454855149,-0.309722543,0
,Soleil @ Sinaran,0.997227331,0.904157698,0.653862503,0.344318877,0.71048075
,Westpoint Condominium,0.989369204,0,0.332524031,-0.963344425,0
,Guilin View,0.731174073,0.995288834,0.387563982,0.338123552,-0.213721474
,Seastrand,0.610282644,0.996382654,0.650971909,0.406946605,0.19943037
,The Berth By The Cove,0.440043596,0.999687433,0.514433538,0.436811498,-0.666085958
,The Sea View,0.699299291,0.333008627,0.531421925,0.01813665,0.333594143
,Azalea Park Condominium,0.998521779,0,0.292200674,-0.963344425,0
,Duchess Manor,0.998751189,0,0.221458972,-0.963344425,0
,Ris Grandeur,0.753582686,0,0.28180551,-0.309244295,0.999687791
,One Amber,0.999361646,0,0.355839656,-0.309088568,0
,La Fiesta,0.763082623,0.63270454,0.223501265,0.406848139,-0.185821235
,Parc Stevens,0.99869935,0,0.221458972,-0.963344425,0
,Park East,0.81596176,0.00059393,0.583156927,0.521616039,0.477994919
,Eight Riversuites,0.267438943,0.134639859,0.202552066,0.018163785,0.855082542
,SunGlade,0.669279158,0,0.386511586,-0.185925877,0.999684691
,Urbana,0.86037581,0.998329759,0.842761944,0.585573658,0.713971989
,Euro-Asia Park,0.710666025,0.999684572,0.710630897,0.345036546,0.999687076
,The Palette,0.543475104,0.320165072,0.471520253,0.101398842,0.350225091
,Urban Vista,0.605548617,-0.998856962,0.288579756,0.047792112,-0.332417409
,The Glyndebourne,0.682711575,0,0.393100114,0.560911993,6.14E-05
,Laguna Green,0.714329881,0,0.292200674,-0.963344425,0
,Holland 100,0.997613996,0,0.250857905,-0.309000989,0.999685287
,The Makena,0.832871805,0,0.620067161,-0.481660321,0
,Yishun Emerald,0.978337833,0,0.491923307,0.011797895,0.999684691
,Duchess Crest,0.998711492,0,0.221458972,-0.963344425,0
,Gilstead Court,0.998709074,0,0.292200674,-0.963344425,0
,Twin Waterfalls,0.999663413,0.01337415,0.498640388,0.257025205,0
,Changi Court,0.331514458,0.989533037,0.645272322,0.017732278,0.444512904
,The Coast at Sentosa Cove,0.586655033,0.703386396,0.44085531,0.670408855,0.998761058
,Central Grove,0.981766593,0,0.275358833,-0.963344425,0
,Hundred Trees,0.762544066,0,0.199209046,0.018171594,0.999685287
,Harbour View Towers,0.742634279,0,0.292200674,-0.963344425,0
,Ardmore Park,0.821168314,0,0.396989819,0.196972466,0
,Blue Horizon,0.918940794,0.812893131,0.420987333,0.463404609,0.959115818
,The Anchorage,0.638176201,0.656613638,0.508995623,0.373680934,0.394970351
,Arc at Tampines,0.559068358,0.999094009,0.202263415,0.017562091,0
,Shunfu Road,0.77947483,0.760551385,0.668624386,0.153000704,0.999685287
,Seletar Park Residence,0.625625014,0.00027433,0.534373365,0.279039811,0.001544744
,Skies Miltonia,0.731963791,0.49949827,0.698930982,0.465988175,0.999682886
,Le Crescendo,0.998954877,0,0.355839656,0.135964465,0
,Q Bay Residences,0.660240398,0.9996653,0.492606951,0.672303552,0.999084696
,368 Thomson,0.610434921,0.520278859,0.273143705,0.340589874,-0.331465304
,Summerdale,0.787005001,0.998333037,0.57510195,-0.963344425,0.999273777
,The Jovell,0.626049928,0.388862923,0.280725001,0.47143596,0.397545261
,Archipelago,0.585612974,0.05490965,0.599338603,-0.013561636,0.33362025
,d'Nest,0.670023267,0.868979013,0.331648471,0.214437759,0.71048075
,Grandeur 8,0.999118166,0,0.42429546,0.259312272,0.999687135
,Water Place,0,0,0.33216545,-0.963344425,0
,Skyline 360 @ Saint Thomas Walk,0.626086265,0,0.088548276,-0.308999836,0
,Tree House,0.50835225,0.678705548,0.349571805,0.502180375,0.386720098
,Sage,0.576819179,0.666478762,0.365678781,0.61410867,0.776408364
,Parc Emily,0.974218667,0.999685347,0.514136702,0.01583752,0
,Charlton Lane,0.996695302,0.998704672,0.496461729,0.004774682,0
,The Shelford,0.998776484,0,0.333814383,-0.963344425,0
,Meraprime,0.800337183,0,0.238437039,0.150725552,0.99214536
,Seasons Park,0.998881245,0,0.420217222,-0.963344425,0
,Dynasty Garden,0.694995318,0.99967587,0.59427439,-0.863200814,0
,Buckley Classique,0.89229579,0,0.474861372,-0.325971564,0
,The Eden At Tampines,0.504452296,0,0.181274419,-0.963344425,0
,Eastern Lagoon,0.891036334,0.666346103,0.54061689,0.438799807,0.666603893
,The Grandhill,0.799228168,0.000462711,0.491764214,0.345072369,0.330671589
,Waterfront Gold,0.995635897,0.463802417,0.443447701,-0.309006393,0
,Tribeca,0.636747386,0.184529106,0.435465056,0.096246566,0.116553907
,Kerrisdale,0.999373749,0,0.42005747,-0.963344425,0
,Sophia Hills,0.677423391,-0.078624308,0.270048752,0.214418054,0.903283616
,8 Saint Thomas,0.783055,0.680023662,0.463271528,0.129757908,0.532435405
,Westmere,0.998017043,0,0.250588968,-0.963344425,0
,The Florida,0.726641502,0,0.582499034,-0.00402081,0
,Tresalveo,0.610657841,0.500201136,0.463503041,-0.974157115,0.999684274
,The Sixth Avenue Residences,0.72764005,0.199924843,0.300920038,0.331989202,0.984358452
,Bellewoods,0.899252907,0.713590494,0.598666376,0.508414119,0.99702549
,Belmond Green,0.626086265,0,0.197258151,-0.308999836,0
,Belysa,0,0,0.427330954,-0.963344425,0
,Leonie Gardens,0.987951159,0,0.707552676,-0.963344425,0
,Thomson 800,0.682599038,0.999684572,0.707057695,0.595087254,0
,Rio Vista,0.719432358,0.906617939,0.527933223,0.563209381,0.855084091
,Teresa Ville,0.998880991,0,0.292200674,-0.963344425,0
,Nathan Road,0.998652961,0,0.419941413,-0.963344425,0
,The Topiary,0.84468709,0,0.54251093,0.526408518,-0.707834452
,Carabelle,0,0,0.427525563,-0.309041182,0
,Ivory Heights,0.666026911,0.358828681,0.559014787,0.029503084,0.99783652
,The Trilinq,0.473403615,0.234313396,0.358709617,0.600890765,-0.019392593
,The Laurels,0.706615984,0.973677993,0.79881644,0.606164962,0.499843836
,West Coast Crescent,0.999117088,0,0.275358833,-0.963344425,0
,Clover By The Park,0.450793721,0.516163304,0.3253619,0.360647019,0.595963933
,Parc Vera,0.716781182,1.11E-05,0.666486281,0.340254366,-0.805289805
,Hillside Drive,0.966168289,0,0.543334526,-0.182281268,0
,Banyan Condominium,0.624039599,0.749421194,0.478486569,0.000947282,0.174474704
,Scotts 28,0.792129742,0,0.351157695,-0.963344425,0
,Chiltern Park,0.507981219,0.708285481,0.426134804,0.103222034,-0.848962247
,Eunos Green,0.713729632,0.999267399,0.446306036,-0.308999836,0
,The Canopy,0.718729285,0.779851948,0.545744541,0.180663347,0.199190718
,Trellis Towers,0.379838698,0,0.609528446,0.015350193,0
,Simsville,0.908640119,0,0.400021581,-0.309062501,0.44038415
,Dunman View,0.702951469,0,0.553158494,0.051112324,-0.666085958
,Allsworth Park,0.481777673,0.999653935,0.450895488,0.018168285,0
,The Madeira,0.690446696,-0.332898299,0.534156795,0.635217515,0.151643746
,Carissa Park Condominium,0.998937732,0.997601449,0.65863191,0.438818344,0.999687076
,The Loft,0.762009963,0.58834743,0.544241463,0.315543679,0.674539485
,Ville Royale,0.998865306,0,0.454879696,-0.963344425,0
,Tanglin Park,0.826324561,0,0.415490514,0.011871139,0.996046364
,Terrene At Bukit Timah,0.86621546,-0.999607146,0.398769221,-0.963344425,-0.997041434
,Nineteen Shelford Road,0.612823866,0,0.228717974,-0.308999836,0
,The Regency At Tiong Bahru,0.665879597,0,0.333814383,-0.963344425,0
,Parc Vista,0.963930535,0,0.602603606,-0.493974173,0
,Tanamera Crest,0.547881704,-0.005097002,0.368402923,0.192969161,0.998981476
,Grande Vista,0.8560389,0.789056447,0.550368239,0.333458145,0.999684589
,The Geranium,0.33408465,0.997532487,0.411785323,0.013299987,0
,Cluny Park Residence,0.767885396,0.506147243,0.632765775,0.676687846,0.999436239
,Ocean Park,0.843345551,0.999477297,0.623324966,0.431976067,0.66645968
,Anchorvale Crescent,0.699145376,0.996487617,0.261046857,0.011853665,0
,Sommerville Park,0.563378067,-0.17070967,0.374722023,0.416645429,0.333241304
,The Luxurie,0.801499262,-0.292734418,0.354141129,0.257046103,0.127711586
,St. Martin Residence,0.902456204,0.200322366,0.575295879,0.555636611,0.599979734
,Seascape,0.572444515,0.831317847,0.572404753,0.17493606,0.427156637
,The Merasaga,0.679242483,0,0.370013054,-0.308999836,0
,Sennett Residence,0.887152555,0.999677896,0.755056343,0.669014007,0
,Viva,0.554198115,0.998828848,0.448559392,-0.185390389,0.999682426
,Cairnhill Crest,0.776408414,0.733214237,0.522251993,0.145791256,-0.998631418
,Peirce View Condominium,0.769185877,0.004337877,0.646760313,0.017801672,0
,Rosewood,0.611684645,0.579809189,0.800308204,0.1931133,0.715269702
,Hillview Park,0.681371593,0.990731871,0.386272249,0.428487913,-0.384624822
,Kensington Park Condominium,0.998546779,0.999159485,0.776949012,-0.054193676,0.999687433
,The Esparis,0.198451889,0,0.597858414,0.598166406,0.166799992
,Hillington Green,0.333257963,0,0.080016365,-0.067687526,-0.998631418
,SeaHill,0.670232859,0.713735683,0.382843473,-0.083884965,0.997322619
,Heritage View,0.983817291,0,0.599058855,-0.303635339,0
,Limau Park,0.406022702,0,0.270205991,-0.308999658,0
,Villas Laguna,0.198451889,0,0.597858414,0.598166406,0.166799992
,Viz At Holland,0.333257963,0,0.080016365,-0.067687526,-0.998631418
,The Shore Residences,0.670232859,0.713735683,0.382843473,-0.083884965,0.997322619
,Windy Heights,0.983817291,0,0.599058855,-0.303635339,0
,Elias Green,0.447502188,0.49990429,0.566759006,0.508310981,0.999686003
,The Cornwall,0.739757214,0.354925113,0.162977646,0.153286653,-0.019734308
,Loyang Valley,0.998776484,0,0.400401437,-0.188850367,0
,The Greenwich,0.387367755,0,0.245541622,-0.482945442,-0.997686863
,Forestville,0.621502427,-0.000584424,0.711183199,-0.309062282,0
,The Jade,0.499534519,0.119878014,0.152474573,0.387255761,-0.031009022
,Yew Mei Green,0.834547376,0,0.131320139,-0.423467338,-0.998631418
,Sunhaven,0.998155683,0,0.598647988,0.21439383,0.999685884
,Oasis @ Elias,0.999688268,0,0.5249291,0.018171132,0
,Pinewood Gardens,0.904080978,-0.159865814,0.399888012,0.307227443,0.001498481
,The Windsor,0.617991842,0.877498153,0.831511211,0.668719786,0.848028687
,The Luxe,0.529149135,-0.000745436,0.445502276,0.207748444,0.856130813
,Beach Road,0.645793011,0.776233481,0.579083435,0.500315271,0.428474912
,ClementiWoods Condominium,0.796473772,0.33318152,0.643215255,0.172530572,0.59855932
,The Miltonia Residences,0.596689084,-0.997824907,0.563566461,0.508033887,0.999661922
,Hazel Park Condominium,0.998250753,0.999158025,-0.001571188,0.092383766,0.999683976
,Dormer Park,0.996643323,0,0.060900994,-0.423467835,0
,The Light @ Cairnhill,0.823701928,0.998227298,0.449481608,-0.045111716,0
,Verdure,0.992488731,-0.498216137,0.183214313,0.288083305,0.143191951
,Chancery Grove,0.998977745,0,-0.184921747,-0.423467835,0
,Holland Peak,0.687731837,0.453841082,0.298418876,0.499888559,0.666279972
,Changi Rise Condominium,0.999273539,0.999445736,0.205894771,0.145482838,0.992485881
,The Lincoln Residences,0.819369419,0.999686003,0.172917571,-0.067679405,0.000526935
,Trilive,0.991271781,0,0.383832987,0.018123403,0.999626309
,The Solitaire,0.998776484,0,0.179281279,-0.963344425,0
,Spottiswoode Residences,0.507089453,0.283205509,0.537282719,0.543395721,0.333051999
,Rafflesia Condominium,0.998776484,0.996641397,0.333814369,-0.963344425,0
,Rosalia Park,0.795650493,0,-0.003993495,-0.067678541,-0.998631418
,The Clearwater,0.998967214,0.99968636,0.283743606,0.289702588,-0.998631418
,Sherwood Condo,0.998670927,0,-0.055045392,-0.423467835,-0.998631418
,Amber Point,0.995086407,0.997160912,0.315048568,0.103867258,0.000526637
,Duchess Residences,0.647379984,0.999383072,0.35163163,0.345276495,0.999686599
,Parc Olympia,0.891592172,0.960978508,0.462466844,0.204120409,0.990840793
,Flamingo Valley,0.619300278,0,0.320525506,0.302554323,-0.344525774
,The Atria At Meyer,0.986977756,0,0.163796417,-0.254460001,0.000526637
,Lincoln Suites,0.585924174,0.500141263,0.428010009,0.344768753,0.20099057
,Fifth Avenue Condominium,0.776249212,0.911737871,0.134269365,0.228822574,0.000511974
,The Ford @ Holland,0.819427731,0,0.116150235,0.639669207,0.333579481
,Sculptura Ardmore,0.749899395,-0.92038545,0.41945968,0.018124834,0
,Amaryllis Ville,0.991169578,0.997965503,0.451800055,0.408683871,0.000533327
,Horizon Towers,0.666301812,0.99967587,0.550203487,-0.863200873,0
,Sunny Palms,0.847696352,0,0.521669323,0.12469691,0
,Madison Residences,0.700946443,0.001696587,0.462601582,0.542646326,0.000597201
,Bedok Court,0.571663206,0.999232456,0.352017177,0.101572284,-0.330505073
,Four Seasons Park,0.615424665,0.60260411,0.406025801,0.147786555,0.250487864
,SilverSea,0.799878277,0.715115632,0.693222376,0.338622987,0.403390473
,Tanglin View,0.739774286,0.4325793,0.384440129,0.477114166,0.533685736
,Bishan Loft,0.541052487,0.620588366,0.227837092,0.320193138,0.249877587
,Pavilion 11,0.999282777,0,0.24925749,-0.963344157,0
,Mon Jervois,0.798619734,0.443587229,0.769686547,0.258988582,0.999684006
,Woodleigh Close,0.999373749,0,-0.007346026,-0.070496231,-0.998631418
,Le Hill Condominium,0.8066006,0.00080204,0.663380759,0.012122214,0.333542009
,Villa Marina,0.70451761,0.58641592,0.467007151,0.469095989,0.24500732
,Cavendish Park,0.750259969,0,0.65962375,0.171228379,0.285120229
,Tanglin Residences,0.800875381,0,0.161799355,-0.067678168,-0.998631418
,The Grange,0.718968677,0.999233978,0.624896447,0.302698226,0.698608569
,East Meadows,0.877485208,0.498704694,0.603723125,-0.309006214,0.99968636
,Twin Regency,0.578747015,0.299303577,0.444811546,0.543820459,-0.274024777
,The Tanamera,0.999129653,0,0.149349506,-0.070496231,-0.998631418
,The Inspira,0.898637709,0.666124314,0.54830306,0.33859077,0.418144155
,The Glades,0.765130274,0.077490679,0.433147721,0.263316425,0.646023505
,Melrose Park,0.836075736,0,0.662142297,0.381768661,0
,The Trevose,0.522331621,0.998828848,0.130475355,-0.0451111,0.000525504
,My Manhattan,0.750964537,0,0.273833546,-0.963344425,0
,Highgate,0.434832391,0,0.225685938,0.174518758,0.33357058
,Wandervale,0.716337223,0.710008653,0.58142801,0.213905954,0.999686301
,Astor Green,0.651963429,0.50150837,0.231461702,0.145414829,-0.998631418
,Domain 21,0.998906836,0,0.131440187,0.38969825,-0.99813357
,Casablanca,0.999282777,0,0.427515754,-0.963344425,0
,Watercolours,0.997125074,0.011704504,0.198003948,-0.963344425,0
,Camelot By-The-Water,0.998017043,-0.89680624,0.250588953,-0.963344425,0
,Prive,0.406289209,0.334454755,0.522713729,0.112672529,-0.996465683
,Pinetree Condominium,0.584141759,0.932605445,0.493496175,0.437963188,0
,Aalto,0.668683249,0.999688029,0.094138007,0.286857237,-0.0007765
,Emerald Park,0.363200646,0.59814353,0.302221318,0.235117914,-0.116954514
,Lush On Holland Hill,0.794701861,0.768181026,0.090587888,0.250609699,0.163898463
,Symphony Heights,0.692031925,0.013297886,0.349610018,-0.299473912,-0.998631418
,Fernhill Court,0.691448036,0.08893536,0.400204694,0.018106312,0
,Edgedale Plains,0.732309963,0.327526085,0.679104649,0.423206164,0.599454439
,Cuscaden Residences,0.990302364,0.999679804,0.412755949,0.288079013,0.00052771
,Joo Chiat Place,0.731856111,0.326000263,0.699591936,0.246939806,0.716007076
,Palm Spring,0.942073534,0.999683619,0.737048404,0.016834632,0
,Bishan Park Condominium,0.626086225,0,0.268545156,0.015354529,0
,Duku Place,0.793944864,0.00046584,0.51552322,0.425660636,0.500113532
,Mi Casa,0.47408326,0,0.618777998,0.256587237,0
,Skyline Residences,0.668545384,0.6659712,0.559773616,-0.46953012,-0.997605006
,The Rivervale,0.43270854,0,0.654008704,0.032266001,0.999684691
,One Balmoral,0.545499614,0.357111573,0.344915825,0.172015429,0.855083376
,The Lanai,0.361597785,-0.328307341,0.383182279,0.458412057,0.001017312
,Fortune Park,0.73557388,0.99967587,0.642795198,-0.490625954,0
,Amber Residences,0.575528476,0.997532487,0.363783782,0.01334624,0.999685287
,Grosvenor View,0.473320693,0.889647126,0.593296039,0.413324479,0
,Flame Tree Park,0.730215454,0.499651343,0.504293978,0.386196518,0.999685824
,Tangerine Grove,0.570345456,0.218467645,0.249483301,-0.192083579,0.999684095
,West Bay Condominium,0.90830232,0.00080204,0.628646692,-0.185391319,0.333542009
,RiverParc Residence,0.85703299,0.999674082,0.512809563,0.340821862,0.997379631
,Sky Habitat,0.84220405,0.993581846,0.655976393,0.454614677,0.333292862
,Seven Palms Sentosa Cove,0.701764594,0.71432966,0.655486821,0.697505089,0.997165163
,The Tampines Trilliant,0.73025765,0.043296903,0.368454227,0.438583681,0.409623533
,King Albert Lodge,0.530823782,0,0.350376397,-0.963344425,0.998844087
,Glendale Park,0.574223635,-0.349169952,0.330491475,0.311620834,0.99968493
,Astoria Park,0.996573794,0,0.35583204,-0.963344425,0
,Centennia Suites,0.6735441,0.377705149,0.663578268,0.505313456,-0.331467966
,Riviera Residences,0.533513633,-0.005097002,0.330386457,0.153202525,0.999686241
,Montebleu,0.775428724,0,0.439833194,-0.308999836,0
,Lilydale,0.999207819,0.994285643,0.344136193,-0.482146338,0.869036704
,Lakeholmz,0.555953785,0.997850299,0.463555538,0.459188759,0.999684691
,Hillview Heights,0.560952174,-0.840468347,0.240728369,0.011357434,0.999586403
,Townerville,0.970332122,0,0.213503605,-0.963344425,0
,One Saint Michael's,0.499372572,0,0.333820038,-0.975101848,0.999686241
,Marina Collection,0.920396188,-0.728868723,0.473392394,0.343259742,0.999687076
,Kellett Court,0.993616536,0,0.292206786,-0.963344425,0
,Glentrees,0.998017043,0,0.250588953,-0.963344425,0
,Casa Cambio,0.998017043,0,0.250588953,-0.325971544,0
,Lorong 40 Geylang,0.777715743,0,0.999664783,-0.963344425,0
,Beverly Hill,0.999179435,0,0.275358833,-0.963344425,0
,Hume Park II,0.998017043,0,0.250588953,-0.963344425,0
,Ardmore II,0.999362147,0,0.275358833,-0.963344425,0
,Casuarina Cove,0.998640954,0,0.536380831,0.213495302,0.333594143
,Meadows @ Peirce,0.76137235,-0.331439704,0.56939991,0.211920714,-0.000910789
,Parc Palais,0.663712495,0.999049246,0.51135515,-0.309006393,0
,Urban Resort Condominium,0.547118891,0.333170633,0.590676723,-0.963344425,0
,Lloyd Road,0.738959102,-0.86122489,0.472818235,0.634820272,0.999684691
,Butterworth 8,0.85888746,0,0.03804033,0.017942116,0
,Tampines Central 7,0.320042143,-0.99872154,0.227716959,-0.309041023,0.000546128
,Monterey Park Condominium,0.999264359,0,0.275358833,-0.963344425,0
,Elizabeth Heights,0.997816784,0,0.292206905,-0.309601625,0
,Watten Estate Condominium,0.891298875,0.999668449,0.613180022,0.01816158,0
,Holland Hill Park,0.706920073,0.530933877,0.331716891,0.399912563,0.250752316
,Hillbrooks,0.999680161,0.999671936,0.640553597,-0.3090054,0.999686003
,Chelsea Gardens,0.995863875,0.999645948,0.143076852,0.016977683,-0.103586406
,The Legend,0.900395436,0.829144657,0.400612304,-0.963344425,0
,Sixth Avenue Ville,0.669684563,0.199925029,0.38012676,0.331989176,0.984358482
,Hundred Palms Residences,0.97039548,0.999679565,0.495546065,-0.309880416,0
,The Pearl @ Mount Faber,0.857811126,-0.104972499,0.184797468,0.607067126,0.000181685
,Royal Palm Mansions,0.600077105,0,0.172191032,-0.963344425,0
,Seasons View,0.854365782,0.214507252,0.758295237,0.543586098,0.451202112
,Regent Heights,0.965366733,0,0.275358833,-0.963344425,0
,38 Amber,0.471093292,0,0.440709407,0.213822234,0.999685258
,Montrosa,0.998017043,0,0.250588953,-0.963344425,0
,Summer Gardens,0.555179768,0.999665916,0.286152145,0.018167689,0.999678135
,Nassim Jade,0.998645418,-0.998321176,0.196929173,0.097315414,-0.998122036
,3 Orchard By-The-Park,0.653897057,0.333049178,0.807706672,0.436562317,0
,Queensway,0.676140639,0.688404858,0.594233685,0.274536099,0.316563825
,Gold Coast Condo,0.998017043,0.997955799,0.290902208,-0.963344425,0
,Duet,0.714088959,0.550752068,0.408908582,-0.050345341,0.06917047
,The Azure,0.776903691,0.828857108,0.522149178,0.374800005,0.333004057
,Tanglin Regency,0.744378419,0.432579222,0.459957961,0.563442184,0.653748727
,The Arte,0.747817547,0.999685287,0.709404796,0.15299069,0.258666821
,The Criterion,0.603329492,0.501001716,0.49953261,0.017465025,0
,Country Park Condominium,0.663886778,0.999179661,0.404093055,0.146794234,0.003559113
,The Levelz,0.514044094,0.498479497,0.543243877,0.483562318,-0.339138177
,Boon Teck Towers,0,0.998006165,0.554468579,0.018169865,0
,Oleanas Residence,0.999017094,0,0.221458972,-0.963344425,0
,Heron Bay,0.611061108,0.999679208,0.385043355,-0.185630453,-0.996814549
,Draycott Eight,0.879162708,-0.996753633,0.582738236,0.893186213,0.961577455
,YGK Garden,0.723412009,0,0.628367864,0.249500193,0.711970695
,Stratford Court,0.998286223,-0.995413601,0.275358833,-0.963344425,0
,Villa Azura,0.998950456,0,0.221458972,-0.963344425,0
,Bishan Point,0.743851995,-0.951957911,0.013271476,0.018166557,0
,Seletar Springs Condominium,0.472506179,0.999645144,0.435448797,0.022099227,-0.323461268
,Changi Green,0.426712777,0.989341021,0.346627021,-0.309006393,0.995048016
,Waterfront Isle,0.796763933,0.635684978,0.332035954,0.341034028,0.199600983
,NV Residences,0.292091843,0.432218705,0.220082492,0.167905157,0.903273523
,Amaranda Gardens,0.346612347,0,0.729645091,0.267070375,0
,The Summit,0.236202465,-0.436526863,0.124311531,0.261410415,-0.416145883
,Loyang Townhouse,0.998017043,0,0.143882598,-0.963344425,0
,Chuan Park,0.638389298,0,0.296105841,-0.011581063,0.227823317
,Riverbank @ Fernvale,0.600644541,0.022220575,0.305536018,0.342737087,0.434540704
,Parc Imperial,0.905499336,-0.99872154,0.470594929,0.000947222,0.999685824
,The Orange Grove,0.862146966,0.497764543,0.662229934,0.34532251,0.999685824
,Rosewood Suites,0.321692089,0.999684572,0.556853384,0.113309807,0.166800141
,The Residences at W Singapore Sentosa Cove,0.839386604,0,0.620905394,0.018125042,0
,The Foliage,0.991920084,0.995189667,0.543073436,-0.963344425,0.999685407
,Haus On Handy,0.882655917,0.681729509,0.723152402,0.732913697,0.597376263
,Yishun Sapphire,0.510491446,0.998818368,0.292872296,-0.563022053,0
,Seletaris,0.999504933,0,0.573757794,0.313334743,0.999685884
,Prince Charles Crescent,0.615239424,0.69438584,0.398545618,0.199880779,0.998560478
,Meyer Park,0.521664161,0.547220636,0.421280302,0.344454699,0.413393298
,Hallmark Residences,0.884623551,0.506044775,0.599871091,0.016390115,0
,Treasure Crest,0.57334261,-0.276321449,0.479478079,0.266322428,-0.082770831
,Starville,0.799346304,0.99967583,0.467389063,-0.309006393,0
,Treasure On Balmoral,0.61040622,0.176882088,0.578568876,-0.483274788,0.99968493
,Uber 388,0.580640484,0.952081114,0.406964996,-0.136594892,0.999687314
,Gramercy Park,0.761506923,0.595907843,0.425844157,0.012804935,0.957862794
,Pollen & Bleu,0.581697289,0.599031645,0.501966956,0.55161051,0.680182542
,The Rainforest,0.595833536,0.994952366,0.162787042,0.017507106,0
,The Chuan,0.998017043,0,0.250588953,-0.963344425,0
,Pasir View Park,0.595442605,0.426280856,0.471162123,0.257942609,0.942906171
,Cardiff Residence,0.395136754,0,0.333821985,-0.309822659,0
,The Imperial,0.601402295,0,0.265870125,0.018160596,0.99214536
,The Trumps,0.998071293,0,0.499302983,-0.963344425,0
,Bukit Regency,0.729817237,-0.837885261,0.27335614,-0.585124707,-0.99965322
,The Tropic Gardens,0.761439377,0,0.4004076,-0.390363589,0
,Fernwood Towers,0.776114901,0.999658942,0.341604412,-0.482146338,0.336588542
,Shelford Suites,0.989988287,0,0.499302983,-0.136591911,0.999685287
,The Ansley,0.998394898,0.999685109,0.431192379,0.536320336,0.999685407